,Rolex Australian GP,Melbourne GP Circuit,Melbourne,Australia,1996,58,5.303,Nico Rosberg,Viernes 24 - Domingo 26 Marzo 2017,Viernes 12:00 - 13:30,Viernes 16:00 - 17:30,Sábado 14:00 - 15:00,Sábado 17:00 - 18:00,Domingo 16:00 - 18:00,australia,307.574,1:24.125
,Heineken Chinese GP,Shanghai Int Circuit,Shangai,China,2004,56,5.451,Nico Rosberg,Viernes 07 - Domingo 09 Abril 2017,Viernes 10:00 - 11:30,Viernes 14:00 - 15:30,Sábado 12:00 - 13:00,Sábado 15:00 - 16:00,Domingo 14:00 - 16:00,china,305.066,1:32.238
,Gulf Air Bahrain GP,Bahrain Int Circuit,Sakhir,Baréin,2004,57,5.412,Nico Rosberg,Viernes 14 - Domingo 16 Abril 2017,Viernes 14:00 - 15:30,Viernes 18:00 - 19:30,Sábado 15:00 - 16:00,Sábado 18:00 - 19:00,Domingo 18:00 - 20:00,barein,308.238,1:31.447
,VTB Russian GP,Sochi Autodrom,Sochi,Rusia,2014,53,5.848,Nico Rosberg,Viernes 28 - Domingo 30 Abril 2017,Viernes 11:00 - 12:30,Viernes 15:00 - 16:30,Sábado 12:00 - 13:00,Sábado 15:00 - 16:00,Domingo 15:00 - 17:00,rusia,309.745,1:39.094
,GP de España Pirelli,Circuit de Bcn-Catalunya,Montmeló,España,1991,66,4.655,Max Verstappen,Viernes 12 - Domingo 14 Mayo 2017,Viernes 10:00 - 11:30,Viernes 14:00 - 15:30,Sábado 11:00 - 12:00,Sábado 14:00 - 15:00,Domingo 14:00 - 16:00,espana,307.104,1:21.670
,GP de Mónaco,Circuit de Mónaco,Monte Carlo,Mónaco,1950,78,3.337,Lewis Hamilton,Jueves 25 - Domingo 28 Mayo 2017,Jueves 10:00 - 11:30,Jueves 14:00 - 15:30,Sábado 11:00 - 12:00,Sábado 14:00 - 15:00,Domingo 14:00 - 16:00,monaco,260.286,1:17.939
,GP de Canadá,Circuit Gilles-Villeneuve,Montréal,Canadá,1978,70,4.361,Lewis Hamilton,Viernes 09 - Domingo 11 Junio 2017,Viernes 10:00 - 11:30,Viernes 14:00 - 15:30,Sábado 10:00 - 11:00,Sábado 13:00 - 14:00,Domingo 14:00 - 16:00,canada,305.270,1:13.622
,Azerbaijan GP,Baku City Circuit,Baku,Azerbaiyán,2016,51,6.003,Nico Rosberg,Viernes 23 - Domingo 25 Junio 2017,Viernes 13:00 - 14:30,Viernes 17:00 - 18:30,Sábado 14:00 - 15:00,Sábado 17:00 - 18:00,Domingo 17:00 - 19:00,azerbaiyan,306.049,1:46.485
,Grosser Preis Von Österreich,Red Bull Ring,Spielberg,Austria,1970,71,4.326,Lewis Hamilton,Viernes 07 - Domingo 09 Julio 2017,Viernes 10:00 - 11:30,Viernes 14:00 - 15:30,Sábado 11:00 - 12:00,Sábado 14:00 - 15:00,Domingo 14:00 - 16:00,austria,307.020,1:08.337
,Rolex British GP,Silverstone Circuit,Silverstone,Reino Unido,1950,52,5.891,Lewis Hamilton,Viernes 14 - Domingo 16 Julio 2017,Viernes 09:00 - 10:30,Viernes 13:00 - 14:30,Sábado 10:00 - 11:00,Sábado 13:00 - 14:00,Domingo 13:00 - 15:00,uk,306.198,1:33.401
,Pirelli Magyar Nagydíj,Hungaroring,Budapest,Hungría,1986,70,4.381,Lewis Hamilton,Viernes 28 - Domingo 30 Julio 2017,Viernes 10:00 - 11:30,Viernes 14:00 - 15:30,Sábado 11:00 - 12:00,Sábado 14:00 - 15:00,Domingo 14:00 - 16:00,hungria,306.630,1:19.071
,Pirelli Belgian GP,Circuit de Spa-Francorchamps,Spa-Francorchamps,Bélgica,1950,44,7.004,Nico Rosberg,Viernes 25 - Domingo 27 Agosto 2017,Viernes 10:00 - 11:30,Viernes 14:00 - 15:30,Sábado 11:00 - 12:00,Sábado 14:00 - 15:00,Domingo 14:00 - 16:00,belgica,308.052,1:47.263
,GP Heineken D'Italia,Autodromo Nazionale Monza,Monza,Italia,1950,53,5.793,Nico Rosberg,Viernes 01 - Domingo 03 Septiembre 2017,Viernes 10:00 - 11:30,Viernes 14:00 - 15:30,Sábado 11:00 - 12:00,Sábado 14:00 - 15:00,Domingo 14:00 - 16:00,italia,306.720,1:21.046
,Singapore Airlines Singapore GP,Marina Bay Street Circuit,Marina Bay,Singapur,2008,61,5.065,Nico Rosberg,Viernes 15 - Domingo 17 Septiembre 2017,Viernes 18:00 - 19:30,Viernes 21:30 - 23:00,Sábado 18:00 - 19:00,Sábado 21:00 - 22:00,Domingo 20:00 - 22:00,singapur,308.828,1:47.187
,Petronas Malaysia GP,Sepang Int Circuit,Sepang,Malasia,1999,56,5.543,Daniel Ricciardo,Viernes 29 - Domingo 01 Octubre 2017,Viernes 11:00 - 12:30,Viernes 15:00 - 16:30,Sábado 14:00 - 15:00,Sábado 17:00 - 18:00,Domingo 15:00 - 17:00,malasia,310.408,1:34.223
,Japanese GP,Suzuka Int Racing Course,Suzuka,Japón,1987,53,5.807,Nico Rosberg,Viernes 06 - Domingo 08 Octubre 2017,Viernes 10:00 - 11:30,Viernes 14:00 - 15:30,Sábado 12:00 - 13:00,Sábado 15:00 - 16:00,Domingo 14:00 - 16:00,japon,307.471,1:31.540
,United States GP,Circuit of the Americas,Austin,USA,2012,56,5.513,Lewis Hamilton,Viernes 20 - Domingo 22 Octubre 2017,Viernes 10:00 - 11:30,Viernes 14:00 - 15:30,Sábado 11:00 - 12:00,Sábado 14:00 - 15:00,Domingo 14:00 - 16:00,usa,308.405,1:39.347
,GP de México,Autódromo Hnos Rodríguez,D.F.,México,1963,71,4.304,Lewis Hamilton,Viernes 27 - Domingo 29 Octubre 2017,Viernes 10:00 - 11:30,Viernes 14:00 - 15:30,Sábado 10:00 - 11:00,Sábado 13:00 - 14:00,Domingo 13:00 - 15:00,mexico,305.354,1:20.521
,GP do Brasil,Autódromo José Carlos Pace,Sao Paulo,Brasil,1973,71,4.309,Lewis Hamilton,Viernes 10 - Domingo 12 Noviembre 2017,Viernes 10:00 - 11:30,Viernes 14:00 - 15:30,Sábado 11:00 - 12:00,Sábado 14:00 - 15:00,Domingo 14:00 - 16:00,brasil,305.909,1:11.473
,Etihad Airways Abu Dhabi GP,Yas Marina Circuit,Yas Marina,Abu Dhabi,2009,55,5.554,Lewis Hamilton,Viernes 24 - Domingo 26 Noviembre 2017,Viernes 10:00 - 11:30,Viernes 14:00 - 15:30,Sábado 11:00 - 12:00,Sábado 14:00 - 15:00,Domingo 14:00 - 16:00,abu,305.355,1:40.279